{"cameraMode":{"drawMode":0,"name":"Shaded","section":"Shading Mode"},"sceneLighting":true,"audioPlay":false,"sceneViewState":{"showFog":true,"showMaterialUpdate":false,"showSkybox":true,"showFlares":true,"showImageEffects":true,"showParticleSystems":true},"in2DMode":false,"pivot":{"x":1.9414479732513428,"y":2.002525806427002,"z":0.49656426906585696},"rotation":{"x":-0.05230260267853737,"y":0.7961329817771912,"z":-0.06939122080802918,"w":-0.5989433526992798},"size":2.960768938064575,"orthographic":false}